{
    "grid": {
        "mean": 0.6050317966152748,
        "std": 1.4178643795925607,
        "z_min": -12.297390303755153,
        "z_max": 14.352549053885552
    }
}
